universo,ano,setor_bndes,valor_real,valor_fundo_clima_real_jun2026,participacao_pct
Desembolsos,2013,Agropecuária,0.0,134467462.73435628,0.0
Desembolsos,2013,Comércio e Serviços,0.0,134467462.73435628,0.0
Desembolsos,2013,Indústria,0.0,134467462.73435628,0.0
Desembolsos,2013,Infraestrutura,134467462.73435628,134467462.73435628,100.0
Desembolsos,2014,Agropecuária,0.0,10559493.742259368,0.0
Desembolsos,2014,Comércio e Serviços,0.0,10559493.742259368,0.0
Desembolsos,2014,Indústria,10559493.742259368,10559493.742259368,100.0
Desembolsos,2014,Infraestrutura,0.0,10559493.742259368,0.0
Desembolsos,2015,Agropecuária,0.0,130773674.24412219,0.0
Desembolsos,2015,Comércio e Serviços,0.0,130773674.24412219,0.0
Desembolsos,2015,Indústria,25380443.720846817,130773674.24412219,19.407915138537586
Desembolsos,2015,Infraestrutura,105393230.52327536,130773674.24412219,80.59208486146241
Desembolsos,2016,Agropecuária,6560162.487775333,59557582.82815368,11.014823262226578
Desembolsos,2016,Comércio e Serviços,0.0,59557582.82815368,0.0
Desembolsos,2016,Indústria,17156585.145649217,59557582.82815368,28.806718357177964
Desembolsos,2016,Infraestrutura,35840835.19472913,59557582.82815368,60.17845838059546
Desembolsos,2017,Agropecuária,567141.3391556961,567141.3391556961,100.0
Desembolsos,2017,Comércio e Serviços,0.0,567141.3391556961,0.0
Desembolsos,2017,Indústria,0.0,567141.3391556961,0.0
Desembolsos,2017,Infraestrutura,0.0,567141.3391556961,0.0
Desembolsos,2018,Agropecuária,2210489.8823864474,120286373.21946931,1.8376893601682407
Desembolsos,2018,Comércio e Serviços,3109487.477570876,120286373.21946931,2.585070440104998
Desembolsos,2018,Indústria,13383063.330042042,120286373.21946931,11.126001201835127
Desembolsos,2018,Infraestrutura,101583332.52946995,120286373.21946931,84.45123899789164
Desembolsos,2019,Agropecuária,18022016.907453842,319751527.9296397,5.636256697237591
Desembolsos,2019,Comércio e Serviços,54691403.73070134,319751527.9296397,17.104344765706955
Desembolsos,2019,Indústria,118844312.9494176,319751527.9296397,37.16770760062448
Desembolsos,2019,Infraestrutura,128193794.3420669,319751527.9296397,40.091690936430965
Desembolsos,2020,Agropecuária,16176294.731786797,184257039.54415977,8.779200388655935
Desembolsos,2020,Comércio e Serviços,27952669.662885144,184257039.54415977,15.170475837470457
Desembolsos,2020,Indústria,47105015.64098502,184257039.54415977,25.564839073459467
Desembolsos,2020,Infraestrutura,93023059.5085028,184257039.54415977,50.485484700414126
Desembolsos,2021,Agropecuária,26123943.823866863,110716952.60384241,23.59525186476297
Desembolsos,2021,Comércio e Serviços,3332122.2859897097,110716952.60384241,3.009586343938145
Desembolsos,2021,Indústria,18506738.526236534,110716952.60384241,16.715361189948666
Desembolsos,2021,Infraestrutura,62754147.967749305,110716952.60384241,56.679800601350216
Desembolsos,2022,Agropecuária,98768926.65208396,203876750.83389342,48.445409419220624
Desembolsos,2022,Comércio e Serviços,3962703.0422402867,203876750.83389342,1.9436757874706667
Desembolsos,2022,Indústria,12846725.715819238,203876750.83389342,6.301221528827473
Desembolsos,2022,Infraestrutura,88298395.42374992,203876750.83389342,43.30969326448123
Desembolsos,2023,Agropecuária,72001457.12690637,934541768.7802813,7.704466459629641
Desembolsos,2023,Comércio e Serviços,251392179.21546373,934541768.7802813,26.900047447164255
Desembolsos,2023,Indústria,200910372.81442642,934541768.7802813,21.498276430880654
Desembolsos,2023,Infraestrutura,410237759.62348473,934541768.7802813,43.897209662325444
Desembolsos,2024,Agropecuária,71564741.10158807,1280281982.6878977,5.589763979286886
Desembolsos,2024,Comércio e Serviços,63779618.06349308,1280281982.6878977,4.9816852010672275
Desembolsos,2024,Indústria,421966336.59715855,1280281982.6878977,32.95885924374708
Desembolsos,2024,Infraestrutura,722971286.925658,1280281982.6878977,56.46969157589881
Desembolsos,2025,Agropecuária,157826371.8980097,7101368427.874156,2.222478294162469
Desembolsos,2025,Comércio e Serviços,162778779.5216805,7101368427.874156,2.2922170730185516
Desembolsos,2025,Indústria,2805592479.4431133,7101368427.874156,39.50777245172431
Desembolsos,2025,Infraestrutura,3975170797.011352,7101368427.874156,55.977532181094666
Contratações,2013,Agropecuária,0.0,135233846.60563412,0.0
Contratações,2013,Comércio e Serviços,0.0,135233846.60563412,0.0
Contratações,2013,Indústria,0.0,135233846.60563412,0.0
Contratações,2013,Infraestrutura,135233846.60563412,135233846.60563412,100.0
Contratações,2014,Agropecuária,0.0,67329097.97306243,0.0
Contratações,2014,Comércio e Serviços,0.0,67329097.97306243,0.0
Contratações,2014,Indústria,67329097.97306243,67329097.97306243,100.0
Contratações,2014,Infraestrutura,0.0,67329097.97306243,0.0
Contratações,2015,Agropecuária,6140239.197465425,173867832.9854084,3.531555602916346
Contratações,2015,Comércio e Serviços,0.0,173867832.9854084,0.0
Contratações,2015,Indústria,0.0,173867832.9854084,0.0
Contratações,2015,Infraestrutura,167727593.78794298,173867832.9854084,96.46844439708366
Contratações,2016,Agropecuária,49864364.139994174,49864364.139994174,100.0
Contratações,2016,Comércio e Serviços,0.0,49864364.139994174,0.0
Contratações,2016,Indústria,0.0,49864364.139994174,0.0
Contratações,2016,Infraestrutura,0.0,49864364.139994174,0.0
Contratações,2017,Agropecuária,0.0,0.0,
Contratações,2017,Comércio e Serviços,0.0,0.0,
Contratações,2017,Indústria,0.0,0.0,
Contratações,2017,Infraestrutura,0.0,0.0,
Contratações,2018,Agropecuária,0.0,385961074.9920358,0.0
Contratações,2018,Comércio e Serviços,74400077.43178178,385961074.9920358,19.276575347220444
Contratações,2018,Indústria,153023941.29118678,385961074.9920358,39.647506239934785
Contratações,2018,Infraestrutura,158537056.2690673,385961074.9920358,41.07591841284478
Contratações,2019,Agropecuária,0.0,138148727.82487231,0.0
Contratações,2019,Comércio e Serviços,17162751.717316773,138148727.82487231,12.423387451727795
Contratações,2019,Indústria,29316201.14837634,138148727.82487231,21.22075361094874
Contratações,2019,Infraestrutura,91669774.9591792,138148727.82487231,66.35585893732345
Contratações,2020,Agropecuária,0.0,57583567.2307332,0.0
Contratações,2020,Comércio e Serviços,182558.20472369756,57583567.2307332,0.31703177399934257
Contratações,2020,Indústria,43443796.474823385,57583567.2307332,75.44478149599038
Contratações,2020,Infraestrutura,13957212.551186115,57583567.2307332,24.238186730010266
Contratações,2021,Agropecuária,3906894.9379259874,264393498.33384532,1.4776819258213436
Contratações,2021,Comércio e Serviços,29267597.574099332,264393498.33384532,11.06971153168964
Contratações,2021,Indústria,5717278.546006095,264393498.33384532,2.1624126848940066
Contratações,2021,Infraestrutura,225501727.27581388,264393498.33384532,85.290193857595
Contratações,2022,Agropecuária,0.0,697268424.0104679,0.0
Contratações,2022,Comércio e Serviços,274710839.776569,697268424.0104679,39.39814715780746
Contratações,2022,Indústria,124086854.97199312,697268424.0104679,17.796138574336222
Contratações,2022,Infraestrutura,298470729.2619058,697268424.0104679,42.805714267856324
Contratações,2023,Agropecuária,31140936.140618987,1028582998.9149613,3.027556956849292
Contratações,2023,Comércio e Serviços,113920688.98142862,1028582998.9149613,11.075497952192682
Contratações,2023,Indústria,562793303.1794924,1028582998.9149613,54.71540009636321
Contratações,2023,Infraestrutura,320728070.6134213,1028582998.9149613,31.181544994594812
Contratações,2024,Agropecuária,97249013.18165931,7707918849.530552,1.2616766611078454
Contratações,2024,Comércio e Serviços,48896356.20639931,7707918849.530552,0.6343652179132285
Contratações,2024,Indústria,4044964266.992626,7707918849.530552,52.478033901965425
Contratações,2024,Infraestrutura,3516809213.149867,7707918849.530552,45.625924219013505
Contratações,2025,Agropecuária,765164808.0425386,9293359565.952158,8.233457476947876
Contratações,2025,Comércio e Serviços,241714852.41004965,9293359565.952158,2.6009415722556795
Contratações,2025,Indústria,3566465902.076509,9293359565.952158,38.376497506271875
Contratações,2025,Infraestrutura,4720014003.423061,9293359565.952158,50.78910344452458
