universo,painel,ano,setor_bndes,valor_real_jun2026,valor_total_verde_real_jun2026,participacao_verde_estrito_pct
Desembolsos,A. Desembolsos realizados,2002,Agropecuária,0.0,153878651.364205,0.0
Desembolsos,A. Desembolsos realizados,2002,Comércio e Serviços,145511160.363989,153878651.364205,94.56227948059438
Desembolsos,A. Desembolsos realizados,2002,Indústria,1961768.860276,153878651.364205,1.2748804612491837
Desembolsos,A. Desembolsos realizados,2002,Infraestrutura,6405722.13994,153878651.364205,4.162840058156429
Desembolsos,A. Desembolsos realizados,2003,Agropecuária,0.0,114810293.530924,0.0
Desembolsos,A. Desembolsos realizados,2003,Comércio e Serviços,75704632.607046,114810293.530924,65.93888951834711
Desembolsos,A. Desembolsos realizados,2003,Indústria,1047643.847694,114810293.530924,0.9124999296442166
Desembolsos,A. Desembolsos realizados,2003,Infraestrutura,38058017.076184,114810293.530924,33.14861055200867
Desembolsos,A. Desembolsos realizados,2004,Agropecuária,0.0,431457970.248842,0.0
Desembolsos,A. Desembolsos realizados,2004,Comércio e Serviços,91507722.957234,431457970.248842,21.208954120017115
Desembolsos,A. Desembolsos realizados,2004,Indústria,489682.700026,431457970.248842,0.11349487871172645
Desembolsos,A. Desembolsos realizados,2004,Infraestrutura,339460564.591582,431457970.248842,78.67755100127115
Desembolsos,A. Desembolsos realizados,2005,Agropecuária,0.0,417616422.678461,0.0
Desembolsos,A. Desembolsos realizados,2005,Comércio e Serviços,79696690.75532,417616422.678461,19.083706106232693
Desembolsos,A. Desembolsos realizados,2005,Indústria,463746.272998,417616422.678461,0.11104598569751557
Desembolsos,A. Desembolsos realizados,2005,Infraestrutura,337455985.650143,417616422.678461,80.80524790806979
Desembolsos,A. Desembolsos realizados,2006,Agropecuária,0.0,755606813.379291,0.0
Desembolsos,A. Desembolsos realizados,2006,Comércio e Serviços,242433921.60453,755606813.379291,32.0846659018724
Desembolsos,A. Desembolsos realizados,2006,Indústria,9452895.353746,755606813.379291,1.2510336310322472
Desembolsos,A. Desembolsos realizados,2006,Infraestrutura,503719996.421015,755606813.379291,66.66430046709536
Desembolsos,A. Desembolsos realizados,2007,Agropecuária,0.0,1509596608.567649,0.0
Desembolsos,A. Desembolsos realizados,2007,Comércio e Serviços,166101208.268273,1509596608.567649,11.003019437482365
Desembolsos,A. Desembolsos realizados,2007,Indústria,101062072.319413,1509596608.567649,6.694640922339098
Desembolsos,A. Desembolsos realizados,2007,Infraestrutura,1242433327.979963,1509596608.567649,82.30233964017853
Desembolsos,A. Desembolsos realizados,2008,Agropecuária,6669754.130526,2034875725.100584,0.32777206235512557
Desembolsos,A. Desembolsos realizados,2008,Comércio e Serviços,86290000.570217,2034875725.100584,4.240553833623018
Desembolsos,A. Desembolsos realizados,2008,Indústria,214447774.89019,2034875725.100584,10.538617776257066
Desembolsos,A. Desembolsos realizados,2008,Infraestrutura,1727468195.509651,2034875725.100584,84.8930563277648
Desembolsos,A. Desembolsos realizados,2009,Agropecuária,21280462.270577,3005192258.485275,0.7081231561971053
Desembolsos,A. Desembolsos realizados,2009,Comércio e Serviços,117587587.520978,3005192258.485275,3.912814136565305
Desembolsos,A. Desembolsos realizados,2009,Indústria,196180045.187743,3005192258.485275,6.52803642208984
Desembolsos,A. Desembolsos realizados,2009,Infraestrutura,2670144163.505977,3005192258.485275,88.85102628514775
Desembolsos,A. Desembolsos realizados,2010,Agropecuária,32828890.318606,3334401141.895793,0.984551315860603
Desembolsos,A. Desembolsos realizados,2010,Comércio e Serviços,157957240.441063,3334401141.895793,4.737199686515687
Desembolsos,A. Desembolsos realizados,2010,Indústria,186399914.53533,3334401141.895793,5.590206654900293
Desembolsos,A. Desembolsos realizados,2010,Infraestrutura,2957215096.600794,3334401141.895793,88.68804234272342
Desembolsos,A. Desembolsos realizados,2011,Agropecuária,60562891.848383,2669091995.522029,2.2690447519227575
Desembolsos,A. Desembolsos realizados,2011,Comércio e Serviços,424577182.93703,2669091995.522029,15.9071768095423
Desembolsos,A. Desembolsos realizados,2011,Indústria,375830314.764167,2669091995.522029,14.08083031213246
Desembolsos,A. Desembolsos realizados,2011,Infraestrutura,1808121605.972449,2669091995.522029,67.74294812640248
Desembolsos,A. Desembolsos realizados,2012,Agropecuária,54371084.272692,2143906261.027915,2.536075632645585
Desembolsos,A. Desembolsos realizados,2012,Comércio e Serviços,454061646.872762,2143906261.027915,21.1791744409132
Desembolsos,A. Desembolsos realizados,2012,Indústria,242944861.070361,2143906261.027915,11.331878892591083
Desembolsos,A. Desembolsos realizados,2012,Infraestrutura,1392528668.8121,2143906261.027915,64.95287103385013
Desembolsos,A. Desembolsos realizados,2013,Agropecuária,128715542.732833,1801414037.047273,7.145250346989232
Desembolsos,A. Desembolsos realizados,2013,Comércio e Serviços,316812341.067472,1801414037.047273,17.586869789621726
Desembolsos,A. Desembolsos realizados,2013,Indústria,304057201.915633,1801414037.047273,16.8788071849389
Desembolsos,A. Desembolsos realizados,2013,Infraestrutura,1051828951.331335,1801414037.047273,58.38907267845014
Desembolsos,A. Desembolsos realizados,2014,Agropecuária,124672268.401489,3098277464.511331,4.023921996319741
Desembolsos,A. Desembolsos realizados,2014,Comércio e Serviços,1039411133.691003,3098277464.511331,33.548032595426115
Desembolsos,A. Desembolsos realizados,2014,Indústria,263844382.808118,3098277464.511331,8.515841006180906
Desembolsos,A. Desembolsos realizados,2014,Infraestrutura,1670349679.610721,3098277464.511331,53.91220440207324
Desembolsos,A. Desembolsos realizados,2015,Agropecuária,27687143.38276,1474056049.341805,1.8782965135635685
Desembolsos,A. Desembolsos realizados,2015,Comércio e Serviços,408458276.076941,1474056049.341805,27.709819871457782
Desembolsos,A. Desembolsos realizados,2015,Indústria,110058492.489115,1474056049.341805,7.466370938761676
Desembolsos,A. Desembolsos realizados,2015,Infraestrutura,927852137.392989,1474056049.341805,62.94551267621697
Desembolsos,A. Desembolsos realizados,2016,Agropecuária,46596979.233874,1528268581.203345,3.049004592974355
Desembolsos,A. Desembolsos realizados,2016,Comércio e Serviços,390604681.305689,1528268581.203345,25.558641073294222
Desembolsos,A. Desembolsos realizados,2016,Indústria,84124855.400056,1528268581.203345,5.504585806103325
Desembolsos,A. Desembolsos realizados,2016,Infraestrutura,1006942065.263726,1528268581.203345,65.8877685276281
Desembolsos,A. Desembolsos realizados,2017,Agropecuária,80867682.22761,1314176530.081228,6.153487022220039
Desembolsos,A. Desembolsos realizados,2017,Comércio e Serviços,399053061.369938,1314176530.081228,30.36525552204717
Desembolsos,A. Desembolsos realizados,2017,Indústria,58238237.302427,1314176530.081228,4.431538379309464
Desembolsos,A. Desembolsos realizados,2017,Infraestrutura,776017549.181253,1314176530.081228,59.04971907642332
Desembolsos,A. Desembolsos realizados,2018,Agropecuária,74427731.034929,1504260059.923403,4.947796795104622
Desembolsos,A. Desembolsos realizados,2018,Comércio e Serviços,265486624.519283,1504260059.923403,17.648984480303334
Desembolsos,A. Desembolsos realizados,2018,Indústria,101059184.410923,1504260059.923403,6.718199007162959
Desembolsos,A. Desembolsos realizados,2018,Infraestrutura,1063286519.958268,1504260059.923403,70.68501971742909
Desembolsos,A. Desembolsos realizados,2019,Agropecuária,51610669.657072,1934995750.449387,2.667223927757249
Desembolsos,A. Desembolsos realizados,2019,Comércio e Serviços,276334277.60717,1934995750.449387,14.280872582949788
Desembolsos,A. Desembolsos realizados,2019,Indústria,310333031.295396,1934995750.449387,16.037917975960603
Desembolsos,A. Desembolsos realizados,2019,Infraestrutura,1296717771.889749,1934995750.449387,67.01398551333236
Desembolsos,A. Desembolsos realizados,2020,Agropecuária,49646443.744312,1626058999.080762,3.053176039269052
Desembolsos,A. Desembolsos realizados,2020,Comércio e Serviços,279452272.747635,1626058999.080762,17.185863053284905
Desembolsos,A. Desembolsos realizados,2020,Indústria,175166284.378382,1626058999.080762,10.772443341687257
Desembolsos,A. Desembolsos realizados,2020,Infraestrutura,1121793998.210433,1626058999.080762,68.98851756575878
Desembolsos,A. Desembolsos realizados,2021,Agropecuária,54156016.379416,1169802715.704001,4.629499970584722
Desembolsos,A. Desembolsos realizados,2021,Comércio e Serviços,221315262.117696,1169802715.704001,18.91902447708936
Desembolsos,A. Desembolsos realizados,2021,Indústria,230382486.110726,1169802715.704001,19.694131584579125
Desembolsos,A. Desembolsos realizados,2021,Infraestrutura,663948951.096163,1169802715.704001,56.75734396774679
Desembolsos,A. Desembolsos realizados,2022,Agropecuária,126725654.639645,2116312924.838992,5.988039535754677
Desembolsos,A. Desembolsos realizados,2022,Comércio e Serviços,167889456.677139,2116312924.838992,7.933111153205849
Desembolsos,A. Desembolsos realizados,2022,Indústria,832415691.677223,2116312924.838992,39.33329905550488
Desembolsos,A. Desembolsos realizados,2022,Infraestrutura,989282121.844985,2116312924.838992,46.74555025553459
Desembolsos,A. Desembolsos realizados,2023,Agropecuária,103835882.282759,3732473844.474602,2.7819587386117464
Desembolsos,A. Desembolsos realizados,2023,Comércio e Serviços,346273808.782785,3732473844.474602,9.277327135068722
Desembolsos,A. Desembolsos realizados,2023,Indústria,1112871383.273872,3732473844.474602,29.815919136883444
Desembolsos,A. Desembolsos realizados,2023,Infraestrutura,2169492770.135186,3732473844.474602,58.12479498943609
Desembolsos,A. Desembolsos realizados,2024,Agropecuária,218710132.418739,4617645830.73012,4.736399031801831
Desembolsos,A. Desembolsos realizados,2024,Comércio e Serviços,230267498.660929,4617645830.73012,4.986686010618537
Desembolsos,A. Desembolsos realizados,2024,Indústria,742472386.654947,4617645830.73012,16.07902411470892
Desembolsos,A. Desembolsos realizados,2024,Infraestrutura,3426195812.995505,4617645830.73012,74.19789084287072
Desembolsos,A. Desembolsos realizados,2025,Agropecuária,363998812.854114,11840339719.328325,3.0742260904889207
Desembolsos,A. Desembolsos realizados,2025,Comércio e Serviços,2059539613.301863,11840339719.328325,17.394261162455024
Desembolsos,A. Desembolsos realizados,2025,Indústria,3200799071.837209,11840339719.328325,27.033000299916925
Desembolsos,A. Desembolsos realizados,2025,Infraestrutura,6216002221.335139,11840339719.328325,52.49851244713913
Contratações,B. Valor contratado,2002,Agropecuária,0.0,50710357.210211,0.0
Contratações,B. Valor contratado,2002,Comércio e Serviços,36093610.119718,50710357.210211,71.17601236784468
Contratações,B. Valor contratado,2002,Indústria,0.0,50710357.210211,0.0
Contratações,B. Valor contratado,2002,Infraestrutura,14616747.090493,50710357.210211,28.823987632155315
Contratações,B. Valor contratado,2003,Agropecuária,0.0,158489912.746679,0.0
Contratações,B. Valor contratado,2003,Comércio e Serviços,115673426.508376,158489912.746679,72.9847247081659
Contratações,B. Valor contratado,2003,Indústria,2141032.133514,158489912.746679,1.3508948906648086
Contratações,B. Valor contratado,2003,Infraestrutura,40675454.104789,158489912.746679,25.664380401169293
Contratações,B. Valor contratado,2004,Agropecuária,0.0,704926457.668543,0.0
Contratações,B. Valor contratado,2004,Comércio e Serviços,126456200.920826,704926457.668543,17.93892108108188
Contratações,B. Valor contratado,2004,Indústria,0.0,704926457.668543,0.0
Contratações,B. Valor contratado,2004,Infraestrutura,578470256.747717,704926457.668543,82.06107891891811
Contratações,B. Valor contratado,2005,Agropecuária,0.0,95924305.945491,0.0
Contratações,B. Valor contratado,2005,Comércio e Serviços,84644445.058891,95924305.945491,88.24087307651746
Contratações,B. Valor contratado,2005,Indústria,0.0,95924305.945491,0.0
Contratações,B. Valor contratado,2005,Infraestrutura,11279860.8866,95924305.945491,11.759126923482546
Contratações,B. Valor contratado,2006,Agropecuária,6508797.503148,1586146419.547949,0.4103528793390338
Contratações,B. Valor contratado,2006,Comércio e Serviços,184786562.338821,1586146419.547949,11.650031804219253
Contratações,B. Valor contratado,2006,Indústria,28827132.440281,1586146419.547949,1.8174319902002944
Contratações,B. Valor contratado,2006,Infraestrutura,1366023927.265699,1586146419.547949,86.12218332624141
Contratações,B. Valor contratado,2007,Agropecuária,4552037.34588,1789712383.921782,0.2543446302754612
Contratações,B. Valor contratado,2007,Comércio e Serviços,11211266.527783,1789712383.921782,0.6264283931039156
Contratações,B. Valor contratado,2007,Indústria,212806764.511853,1789712383.921782,11.89055662930215
Contratações,B. Valor contratado,2007,Infraestrutura,1561142315.536266,1789712383.921782,87.22867034731847
Contratações,B. Valor contratado,2008,Agropecuária,25864864.513179,6230462417.953499,0.41513555139418934
Contratações,B. Valor contratado,2008,Comércio e Serviços,204158159.121542,6230462417.953499,3.276773783808509
Contratações,B. Valor contratado,2008,Indústria,450404055.476614,6230462417.953499,7.22906303356785
Contratações,B. Valor contratado,2008,Infraestrutura,5550035338.842164,6230462417.953499,89.07902763122945
Contratações,B. Valor contratado,2009,Agropecuária,5388234.943454,2173612678.12073,0.24789305830294384
Contratações,B. Valor contratado,2009,Comércio e Serviços,36449297.937017,2173612678.12073,1.6768993990470495
Contratações,B. Valor contratado,2009,Indústria,438065399.450986,2173612678.12073,20.15379298531375
Contratações,B. Valor contratado,2009,Infraestrutura,1693709745.789273,2173612678.12073,77.92141455733626
Contratações,B. Valor contratado,2010,Agropecuária,269954731.361171,3693481856.33218,7.308949708209752
Contratações,B. Valor contratado,2010,Comércio e Serviços,744353130.298741,3693481856.33218,20.1531551866867
Contratações,B. Valor contratado,2010,Indústria,351688929.15165,3693481856.33218,9.52188051360554
Contratações,B. Valor contratado,2010,Infraestrutura,2327485065.520618,3693481856.33218,63.016014591498006
Contratações,B. Valor contratado,2011,Agropecuária,30207218.711358,1722606287.902701,1.7535764802145093
Contratações,B. Valor contratado,2011,Comércio e Serviços,387446601.658163,1722606287.902701,22.491883628840405
Contratações,B. Valor contratado,2011,Indústria,486110151.352573,1722606287.902701,28.21945761874696
Contratações,B. Valor contratado,2011,Infraestrutura,818842316.180607,1722606287.902701,47.535082272198125
Contratações,B. Valor contratado,2012,Agropecuária,32725157.985456,2431177275.853452,1.346062186023354
Contratações,B. Valor contratado,2012,Comércio e Serviços,358861872.57324,2431177275.853452,14.76082703377784
Contratações,B. Valor contratado,2012,Indústria,263095632.68692,2431177275.853452,10.821737900398961
Contratações,B. Valor contratado,2012,Infraestrutura,1776494612.607836,2431177275.853452,73.07137287979984
Contratações,B. Valor contratado,2013,Agropecuária,601502091.980268,6050026183.10244,9.942140311065877
Contratações,B. Valor contratado,2013,Comércio e Serviços,525986257.819795,6050026183.10244,8.693950107007147
Contratações,B. Valor contratado,2013,Indústria,780361940.208936,6050026183.10244,12.898488644370927
Contratações,B. Valor contratado,2013,Infraestrutura,4142175893.093441,6050026183.10244,68.46542093755605
Contratações,B. Valor contratado,2014,Agropecuária,1390707.347119,3803384290.159749,0.03656499688230525
Contratações,B. Valor contratado,2014,Comércio e Serviços,1314959899.142523,3803384290.159749,34.57341669482713
Contratações,B. Valor contratado,2014,Indústria,274933433.666083,3803384290.159749,7.22865250238848
Contratações,B. Valor contratado,2014,Infraestrutura,2212100250.004024,3803384290.159749,58.161365805902086
Contratações,B. Valor contratado,2015,Agropecuária,127282686.436258,2654933730.380031,4.79419448326639
Contratações,B. Valor contratado,2015,Comércio e Serviços,192980904.289528,2654933730.380031,7.268765396336444
Contratações,B. Valor contratado,2015,Indústria,202802895.697736,2654933730.380031,7.638717809679811
Contratações,B. Valor contratado,2015,Infraestrutura,2131867243.956509,2654933730.380031,80.29832231071735
Contratações,B. Valor contratado,2016,Agropecuária,152190123.524464,587924218.241469,25.88601027181318
Contratações,B. Valor contratado,2016,Comércio e Serviços,291071930.277371,587924218.241469,49.50840962938926
Contratações,B. Valor contratado,2016,Indústria,129790078.644976,587924218.241469,22.075987791962216
Contratações,B. Valor contratado,2016,Infraestrutura,14872085.794658,587924218.241469,2.5295923068353376
Contratações,B. Valor contratado,2017,Agropecuária,98110842.414218,345820988.495859,28.370412924024368
Contratações,B. Valor contratado,2017,Comércio e Serviços,54129693.409258,345820988.495859,15.652518270997357
Contratações,B. Valor contratado,2017,Indústria,10735920.793475,345820988.495859,3.104473456099544
Contratações,B. Valor contratado,2017,Infraestrutura,182844531.878908,345820988.495859,52.87259534887873
Contratações,B. Valor contratado,2018,Agropecuária,122257709.910124,3653292992.013144,3.3465071150166357
Contratações,B. Valor contratado,2018,Comércio e Serviços,977041431.331994,3653292992.013144,26.744130116801724
Contratações,B. Valor contratado,2018,Indústria,344192370.102944,3653292992.013144,9.421428033706025
Contratações,B. Valor contratado,2018,Infraestrutura,2209801480.668082,3653292992.013144,60.487934734475616
Contratações,B. Valor contratado,2019,Agropecuária,0.0,799423147.257148,0.0
Contratações,B. Valor contratado,2019,Comércio e Serviços,75438185.045095,799423147.257148,9.43657752517254
Contratações,B. Valor contratado,2019,Indústria,196479274.564336,799423147.257148,24.57763141315886
Contratações,B. Valor contratado,2019,Infraestrutura,527505687.647717,799423147.257148,65.9857910616686
Contratações,B. Valor contratado,2020,Agropecuária,0.0,739705147.228437,0.0
Contratações,B. Valor contratado,2020,Comércio e Serviços,86514986.443713,739705147.228437,11.695874601910171
Contratações,B. Valor contratado,2020,Indústria,122748221.227324,739705147.228437,16.594209420772987
Contratações,B. Valor contratado,2020,Infraestrutura,530441939.5574,739705147.228437,71.70991597731684
Contratações,B. Valor contratado,2021,Agropecuária,8467655.93743,2937842732.470079,0.2882269988057041
Contratações,B. Valor contratado,2021,Comércio e Serviços,91736992.385354,2937842732.470079,3.12259711425136
Contratações,B. Valor contratado,2021,Indústria,549408478.336785,2937842732.470079,18.701085400676074
Contratações,B. Valor contratado,2021,Infraestrutura,2288229605.81051,2937842732.470079,77.88809048626686
Contratações,B. Valor contratado,2022,Agropecuária,234809914.389129,15797702613.167707,1.486354820943459
Contratações,B. Valor contratado,2022,Comércio e Serviços,575445506.455234,15797702613.167707,3.642589815405111
Contratações,B. Valor contratado,2022,Indústria,825337958.445653,15797702613.167707,5.224417617266178
Contratações,B. Valor contratado,2022,Infraestrutura,14162109233.877691,15797702613.167707,89.64663774638525
Contratações,B. Valor contratado,2023,Agropecuária,216047719.40376,4194900458.823,5.15024662741052
Contratações,B. Valor contratado,2023,Comércio e Serviços,180449625.807812,4194900458.823,4.30164261533973
Contratações,B. Valor contratado,2023,Indústria,1351901949.038748,4194900458.823,32.227271238232504
Contratações,B. Valor contratado,2023,Infraestrutura,2446501164.57268,4194900458.823,58.32083951901725
Contratações,B. Valor contratado,2024,Agropecuária,1172322663.061271,12882599598.530113,9.100047347548017
Contratações,B. Valor contratado,2024,Comércio e Serviços,1201401107.502851,12882599598.530113,9.325766110435733
Contratações,B. Valor contratado,2024,Indústria,4438077737.369645,12882599598.530113,34.45017213665496
Contratações,B. Valor contratado,2024,Infraestrutura,6070798090.596346,12882599598.530113,47.12401440536129
Contratações,B. Valor contratado,2025,Agropecuária,2053890548.612608,15509782872.540312,13.242548690020481
Contratações,B. Valor contratado,2025,Comércio e Serviços,2567489523.463105,15509782872.540312,16.55400043032699
Contratações,B. Valor contratado,2025,Indústria,3745794979.213142,15509782872.540312,24.151176131839858
Contratações,B. Valor contratado,2025,Infraestrutura,7142607821.251456,15509782872.540312,46.05227474781267
