universo,bloco_tematico,territorio,tipo_territorio,valor_real_jun2026,valor_total_bloco_real_jun2026,participacao_total_bloco_pct,classe_mapa
Desembolsos,Biocombustíveis,AC,UF,0.0,1824290784.32534,0.0,0%
Desembolsos,Biocombustíveis,AL,UF,206495295.483295,1824290784.32534,11.319209484449662,>10–20%
Desembolsos,Biocombustíveis,AM,UF,0.0,1824290784.32534,0.0,0%
Desembolsos,Biocombustíveis,AP,UF,0.0,1824290784.32534,0.0,0%
Desembolsos,Biocombustíveis,BA,UF,0.0,1824290784.32534,0.0,0%
Desembolsos,Biocombustíveis,CE,UF,0.0,1824290784.32534,0.0,0%
Desembolsos,Biocombustíveis,DF,UF,0.0,1824290784.32534,0.0,0%
Desembolsos,Biocombustíveis,ES,UF,0.0,1824290784.32534,0.0,0%
Desembolsos,Biocombustíveis,GO,UF,0.0,1824290784.32534,0.0,0%
Desembolsos,Biocombustíveis,MA,UF,0.0,1824290784.32534,0.0,0%
Desembolsos,Biocombustíveis,MG,UF,257491297.20203,1824290784.32534,14.11459726785034,>10–20%
Desembolsos,Biocombustíveis,MS,UF,69202513.45726,1824290784.32534,3.7933927009806445,>1–5%
Desembolsos,Biocombustíveis,MT,UF,175663661.643482,1824290784.32534,9.629148113492555,>5–10%
Desembolsos,Biocombustíveis,PA,UF,0.0,1824290784.32534,0.0,0%
Desembolsos,Biocombustíveis,PB,UF,0.0,1824290784.32534,0.0,0%
Desembolsos,Biocombustíveis,PE,UF,0.0,1824290784.32534,0.0,0%
Desembolsos,Biocombustíveis,PI,UF,0.0,1824290784.32534,0.0,0%
Desembolsos,Biocombustíveis,PR,UF,0.0,1824290784.32534,0.0,0%
Desembolsos,Biocombustíveis,RJ,UF,0.0,1824290784.32534,0.0,0%
Desembolsos,Biocombustíveis,RN,UF,0.0,1824290784.32534,0.0,0%
Desembolsos,Biocombustíveis,RO,UF,0.0,1824290784.32534,0.0,0%
Desembolsos,Biocombustíveis,RR,UF,0.0,1824290784.32534,0.0,0%
Desembolsos,Biocombustíveis,RS,UF,0.0,1824290784.32534,0.0,0%
Desembolsos,Biocombustíveis,SC,UF,0.0,1824290784.32534,0.0,0%
Desembolsos,Biocombustíveis,SE,UF,0.0,1824290784.32534,0.0,0%
Desembolsos,Biocombustíveis,SP,UF,1115438016.539273,1824290784.32534,61.1436524332268,>20%
Desembolsos,Biocombustíveis,TO,UF,0.0,1824290784.32534,0.0,0%
Desembolsos,Biocombustíveis,Sem identificação territorial,Residual,0.0,1824290784.32534,0.0,0%
Desembolsos,Clima e descarbonização,AC,UF,92644.658383,10591006178.361382,0.000874748412216806,>0–1%
Desembolsos,Clima e descarbonização,AL,UF,25954847.34346,10591006178.361382,0.24506498161136642,>0–1%
Desembolsos,Clima e descarbonização,AM,UF,536686848.403112,10591006178.361382,5.067383016918861,>5–10%
Desembolsos,Clima e descarbonização,AP,UF,0.0,10591006178.361382,0.0,0%
Desembolsos,Clima e descarbonização,BA,UF,91281633.693312,10591006178.361382,0.8618787691750257,>0–1%
Desembolsos,Clima e descarbonização,CE,UF,58524829.772281,10591006178.361382,0.5525898936009859,>0–1%
Desembolsos,Clima e descarbonização,DF,UF,8467972.216529,10591006178.361382,0.07995436952751497,>0–1%
Desembolsos,Clima e descarbonização,ES,UF,16329942.360606,10591006178.361382,0.15418688352736412,>0–1%
Desembolsos,Clima e descarbonização,GO,UF,450603312.482376,10591006178.361382,4.2545845493227015,>1–5%
Desembolsos,Clima e descarbonização,MA,UF,43774471.344212,10591006178.361382,0.41331739975421955,>0–1%
Desembolsos,Clima e descarbonização,MG,UF,1601577376.696584,10591006178.361382,15.122051198202367,>10–20%
Desembolsos,Clima e descarbonização,MS,UF,86370819.588356,10591006178.361382,0.8155109923816428,>0–1%
Desembolsos,Clima e descarbonização,MT,UF,1035801481.919824,10591006178.361382,9.78001017538903,>5–10%
Desembolsos,Clima e descarbonização,PA,UF,294265289.843593,10591006178.361382,2.7784450777189624,>1–5%
Desembolsos,Clima e descarbonização,PB,UF,4830349.863638,10591006178.361382,0.04560803555668723,>0–1%
Desembolsos,Clima e descarbonização,PE,UF,47757712.234225,10591006178.361382,0.4509270548042866,>0–1%
Desembolsos,Clima e descarbonização,PI,UF,19412728.766746,10591006178.361382,0.18329447117506542,>0–1%
Desembolsos,Clima e descarbonização,PR,UF,776220999.506545,10591006178.361382,7.329058131345934,>5–10%
Desembolsos,Clima e descarbonização,RJ,UF,395415816.502265,10591006178.361382,3.7335056730506313,>1–5%
Desembolsos,Clima e descarbonização,RN,UF,900720904.186658,10591006178.361382,8.504582935915309,>5–10%
Desembolsos,Clima e descarbonização,RO,UF,8044900.065229,10591006178.361382,0.07595973347334682,>0–1%
Desembolsos,Clima e descarbonização,RR,UF,0.0,10591006178.361382,0.0,0%
Desembolsos,Clima e descarbonização,RS,UF,639598989.121727,10591006178.361382,6.039076725575893,>5–10%
Desembolsos,Clima e descarbonização,SC,UF,205095316.934298,10591006178.361382,1.9365045537725287,>1–5%
Desembolsos,Clima e descarbonização,SE,UF,4830349.863638,10591006178.361382,0.04560803555668723,>0–1%
Desembolsos,Clima e descarbonização,SP,UF,3339346640.993784,10591006178.361382,31.530022594231372,>20%
Desembolsos,Clima e descarbonização,TO,UF,0.0,10591006178.361382,0.0,0%
Desembolsos,Clima e descarbonização,Sem identificação territorial,Residual,0.0,10591006178.361382,0.0,0%
Desembolsos,Energia e eficiência,AC,UF,0.0,3094741869.914657,0.0,0%
Desembolsos,Energia e eficiência,AL,UF,0.0,3094741869.914657,0.0,0%
Desembolsos,Energia e eficiência,AM,UF,20928213.844717,3094741869.914657,0.6762507092487857,>0–1%
Desembolsos,Energia e eficiência,AP,UF,0.0,3094741869.914657,0.0,0%
Desembolsos,Energia e eficiência,BA,UF,7213962.173208,3094741869.914657,0.2331038411745448,>0–1%
Desembolsos,Energia e eficiência,CE,UF,428149.883607,3094741869.914657,0.013834752674180448,>0–1%
Desembolsos,Energia e eficiência,DF,UF,408341.880468,3094741869.914657,0.013194699190833022,>0–1%
Desembolsos,Energia e eficiência,ES,UF,6087081.530536,3094741869.914657,0.1966910904496168,>0–1%
Desembolsos,Energia e eficiência,GO,UF,4772109.357303,3094741869.914657,0.15420056204670146,>0–1%
Desembolsos,Energia e eficiência,MA,UF,877359.582098,3094741869.914657,0.02835000846523574,>0–1%
Desembolsos,Energia e eficiência,MG,UF,14065838.69695,3094741869.914657,0.45450765486098166,>0–1%
Desembolsos,Energia e eficiência,MS,UF,1611472056.02629,3094741869.914657,52.071291363332,>20%
Desembolsos,Energia e eficiência,MT,UF,7967904.084652,3094741869.914657,0.25746587016227396,>0–1%
Desembolsos,Energia e eficiência,PA,UF,15491050.209188,3094741869.914657,0.5005603329887799,>0–1%
Desembolsos,Energia e eficiência,PB,UF,0.0,3094741869.914657,0.0,0%
Desembolsos,Energia e eficiência,PE,UF,0.0,3094741869.914657,0.0,0%
Desembolsos,Energia e eficiência,PI,UF,0.0,3094741869.914657,0.0,0%
Desembolsos,Energia e eficiência,PR,UF,3855260.223831,3094741869.914657,0.12457453273598278,>0–1%
Desembolsos,Energia e eficiência,RJ,UF,11275091.786794,3094741869.914657,0.3643306052890586,>0–1%
Desembolsos,Energia e eficiência,RN,UF,0.0,3094741869.914657,0.0,0%
Desembolsos,Energia e eficiência,RO,UF,0.0,3094741869.914657,0.0,0%
Desembolsos,Energia e eficiência,RR,UF,0.0,3094741869.914657,0.0,0%
Desembolsos,Energia e eficiência,RS,UF,45234392.211409,3094741869.914657,1.4616531559918573,>1–5%
Desembolsos,Energia e eficiência,SC,UF,8602391.291352,3094741869.914657,0.27796797448535593,>0–1%
Desembolsos,Energia e eficiência,SE,UF,256932.234015,3094741869.914657,0.008302218563452769,>0–1%
Desembolsos,Energia e eficiência,SP,UF,1333586904.088473,3094741869.914657,43.09202383090028,>20%
Desembolsos,Energia e eficiência,TO,UF,2218830.809766,3094741869.914657,0.0716967974400782,>0–1%
Desembolsos,Energia e eficiência,Sem identificação territorial,Residual,0.0,3094741869.914657,0.0,0%
Desembolsos,Florestas e bioeconomia,AC,UF,354300395.142085,3770127732.767003,9.397570062753655,>5–10%
Desembolsos,Florestas e bioeconomia,AL,UF,3294138.892827,3770127732.767003,0.0873747290893335,>0–1%
Desembolsos,Florestas e bioeconomia,AM,UF,570146587.606072,3770127732.767003,15.12273928150507,>10–20%
Desembolsos,Florestas e bioeconomia,AP,UF,111344525.912951,3770127732.767003,2.9533356375496624,>1–5%
Desembolsos,Florestas e bioeconomia,BA,UF,140351689.84743,3770127732.767003,3.7227303634198607,>1–5%
Desembolsos,Florestas e bioeconomia,CE,UF,29875709.492055,3770127732.767003,0.7924322890282652,>0–1%
Desembolsos,Florestas e bioeconomia,DF,UF,100947330.345721,3770127732.767003,2.677557300469311,>1–5%
Desembolsos,Florestas e bioeconomia,ES,UF,22053688.824431,3770127732.767003,0.5849586642053949,>0–1%
Desembolsos,Florestas e bioeconomia,GO,UF,8447467.117189,3770127732.767003,0.2240631542472744,>0–1%
Desembolsos,Florestas e bioeconomia,MA,UF,170084512.0154,3770127732.767003,4.511372666160841,>1–5%
Desembolsos,Florestas e bioeconomia,MG,UF,432671753.174626,3770127732.767003,11.476315494941494,>10–20%
Desembolsos,Florestas e bioeconomia,MS,UF,20236855.200067,3770127732.767003,0.536768423631488,>0–1%
Desembolsos,Florestas e bioeconomia,MT,UF,450758661.640394,3770127732.767003,11.956058085850835,>10–20%
Desembolsos,Florestas e bioeconomia,PA,UF,697396183.089168,3770127732.767003,18.497945759979046,>10–20%
Desembolsos,Florestas e bioeconomia,PB,UF,3444598.91856,3770127732.767003,0.09136557598890455,>0–1%
Desembolsos,Florestas e bioeconomia,PE,UF,3485542.375557,3770127732.767003,0.0924515725359486,>0–1%
Desembolsos,Florestas e bioeconomia,PI,UF,9117962.307574,3770127732.767003,0.24184756999949364,>0–1%
Desembolsos,Florestas e bioeconomia,PR,UF,8432522.463262,3770127732.767003,0.22366675775924266,>0–1%
Desembolsos,Florestas e bioeconomia,RJ,UF,37230027.29597,3770127732.767003,0.987500422661962,>0–1%
Desembolsos,Florestas e bioeconomia,RN,UF,3446405.830878,3770127732.767003,0.09141350307376948,>0–1%
Desembolsos,Florestas e bioeconomia,RO,UF,287924168.528157,3770127732.767003,7.6369870979634245,>5–10%
Desembolsos,Florestas e bioeconomia,RR,UF,121118146.108956,3770127732.767003,3.212574074249309,>1–5%
Desembolsos,Florestas e bioeconomia,RS,UF,10541372.937659,3770127732.767003,0.2796025409442133,>0–1%
Desembolsos,Florestas e bioeconomia,SC,UF,3277205.327335,3770127732.767003,0.08692557811376239,>0–1%
Desembolsos,Florestas e bioeconomia,SE,UF,3292186.530755,3770127732.767003,0.08732294405152081,>0–1%
Desembolsos,Florestas e bioeconomia,SP,UF,9544538.342302,3770127732.767003,0.2531622008280604,>0–1%
Desembolsos,Florestas e bioeconomia,TO,UF,157363557.499622,3770127732.767003,4.17395824899886,>1–5%
Desembolsos,Florestas e bioeconomia,Sem identificação territorial,Residual,0.0,3770127732.767003,0.0,0%
Desembolsos,Meio ambiente,AC,UF,21299327.218296,7274207398.188956,0.29280615814719346,>0–1%
Desembolsos,Meio ambiente,AL,UF,93037862.430132,7274207398.188956,1.2790103077525043,>1–5%
Desembolsos,Meio ambiente,AM,UF,84514983.920147,7274207398.188956,1.1618445734883571,>1–5%
Desembolsos,Meio ambiente,AP,UF,19525033.494471,7274207398.188956,0.26841458355080866,>0–1%
Desembolsos,Meio ambiente,BA,UF,396859383.586118,7274207398.188956,5.455706193982361,>5–10%
Desembolsos,Meio ambiente,CE,UF,418696919.741832,7274207398.188956,5.755911219221961,>5–10%
Desembolsos,Meio ambiente,DF,UF,387130656.820321,7274207398.188956,5.321963419914369,>5–10%
Desembolsos,Meio ambiente,ES,UF,94547324.913028,7274207398.188956,1.299761193729055,>1–5%
Desembolsos,Meio ambiente,GO,UF,58115280.565955,7274207398.188956,0.7989225132682337,>0–1%
Desembolsos,Meio ambiente,MA,UF,104973767.520382,7274207398.188956,1.4430956085540962,>1–5%
Desembolsos,Meio ambiente,MG,UF,414863484.75129,7274207398.188956,5.703212213258832,>5–10%
Desembolsos,Meio ambiente,MS,UF,67575717.442841,7274207398.188956,0.9289770519832192,>0–1%
Desembolsos,Meio ambiente,MT,UF,89901172.433857,7274207398.188956,1.2358895961124163,>1–5%
Desembolsos,Meio ambiente,PA,UF,312214647.348029,7274207398.188956,4.292077889142402,>1–5%
Desembolsos,Meio ambiente,PB,UF,75860611.472087,7274207398.188956,1.0428711654684724,>1–5%
Desembolsos,Meio ambiente,PE,UF,424975083.625364,7274207398.188956,5.8422184076188035,>5–10%
Desembolsos,Meio ambiente,PI,UF,81029864.937276,7274207398.188956,1.1139339381146849,>1–5%
Desembolsos,Meio ambiente,PR,UF,212704104.663603,7274207398.188956,2.92408633711158,>1–5%
Desembolsos,Meio ambiente,RJ,UF,664294443.058857,7274207398.188956,9.132190033848154,>5–10%
Desembolsos,Meio ambiente,RN,UF,36579850.542643,7274207398.188956,0.5028706021187986,>0–1%
Desembolsos,Meio ambiente,RO,UF,17031996.178077,7274207398.188956,0.23414229545224982,>0–1%
Desembolsos,Meio ambiente,RR,UF,12406664.080271,7274207398.188956,0.17055691982826693,>0–1%
Desembolsos,Meio ambiente,RS,UF,400841280.406084,7274207398.188956,5.510446134734632,>5–10%
Desembolsos,Meio ambiente,SC,UF,100415949.369925,7274207398.188956,1.3804383608161261,>1–5%
Desembolsos,Meio ambiente,SE,UF,58096297.632252,7274207398.188956,0.7986615510401327,>0–1%
Desembolsos,Meio ambiente,SP,UF,2597824554.938979,7274207398.188956,35.71281945557057,>20%
Desembolsos,Meio ambiente,TO,UF,28891135.096839,7274207398.188956,0.39717227617172374,>0–1%
Desembolsos,Meio ambiente,Sem identificação territorial,Residual,0.0,7274207398.188956,0.0,0%
Desembolsos,Saneamento,AC,UF,531589673.648778,27774142684.958206,1.9139732940764143,>1–5%
Desembolsos,Saneamento,AL,UF,0.0,27774142684.958206,0.0,0%
Desembolsos,Saneamento,AM,UF,722701532.569079,27774142684.958206,2.6020660323044873,>1–5%
Desembolsos,Saneamento,AP,UF,0.0,27774142684.958206,0.0,0%
Desembolsos,Saneamento,BA,UF,812466000.584833,27774142684.958206,2.9252604114576135,>1–5%
Desembolsos,Saneamento,CE,UF,602582802.875167,27774142684.958206,2.1695820091019806,>1–5%
Desembolsos,Saneamento,DF,UF,0.0,27774142684.958206,0.0,0%
Desembolsos,Saneamento,ES,UF,981247259.389874,27774142684.958206,3.5329524677688555,>1–5%
Desembolsos,Saneamento,GO,UF,544073368.91928,27774142684.958206,1.9589204789890304,>1–5%
Desembolsos,Saneamento,MA,UF,58859739.255256,27774142684.958206,0.21192279424391736,>0–1%
Desembolsos,Saneamento,MG,UF,5238312921.955323,27774142684.958206,18.86039465330559,>10–20%
Desembolsos,Saneamento,MS,UF,25261351.30276,27774142684.958206,0.09095276707295426,>0–1%
Desembolsos,Saneamento,MT,UF,826522875.426895,27774142684.958206,2.975871784062374,>1–5%
Desembolsos,Saneamento,PA,UF,195284584.063389,27774142684.958206,0.7031165148047949,>0–1%
Desembolsos,Saneamento,PB,UF,0.0,27774142684.958206,0.0,0%
Desembolsos,Saneamento,PE,UF,541944990.617536,27774142684.958206,1.951257314275411,>1–5%
Desembolsos,Saneamento,PI,UF,1988398.373354,27774142684.958206,0.007159171017116103,>0–1%
Desembolsos,Saneamento,PR,UF,2025106918.977145,27774142684.958206,7.291339077313422,>5–10%
Desembolsos,Saneamento,RJ,UF,5235498994.418563,27774142684.958206,18.850263188335894,>10–20%
Desembolsos,Saneamento,RN,UF,4193870.753676,27774142684.958206,0.015099910738009197,>0–1%
Desembolsos,Saneamento,RO,UF,0.0,27774142684.958206,0.0,0%
Desembolsos,Saneamento,RR,UF,0.0,27774142684.958206,0.0,0%
Desembolsos,Saneamento,RS,UF,1699714627.236144,27774142684.958206,6.119773512061158,>5–10%
Desembolsos,Saneamento,SC,UF,580756676.761886,27774142684.958206,2.090997671285132,>1–5%
Desembolsos,Saneamento,SE,UF,0.0,27774142684.958206,0.0,0%
Desembolsos,Saneamento,SP,UF,7146036097.829267,27774142684.958206,25.729096947785845,>20%
Desembolsos,Saneamento,TO,UF,0.0,27774142684.958206,0.0,0%
Desembolsos,Saneamento,Sem identificação territorial,Residual,0.0,27774142684.958206,0.0,0%
